2729;0.0
627;0.0
1764;2.0
1046;4.0
354;2.0
2723;1.0
3223;1.0
2291;15.0
1705;0.0
264;1.0
181;12.0
326;1.0
2493;18.0
1008;4.0
1288;2.0
2424;127.0
312;25.0
1096;98.0
2660;3.0
1566;25.0
1270;9.0
138;1.0
151;2.0
2573;0.0
1820;3.0
2785;31.0
1696;0.0
1516;3.0
1456;0.0
1237;0.0
62;25.0
1704;0.0
3062;115.0
313;0.0
2081;0.0
2618;1.0
2419;5.0
3359;1.0
2054;17.0
3168;3.0
3152;0.0
1813;5.0
367;29.0
1533;7.0
1567;4.0
36;56.0
439;8.0
3240;41.0
2440;0.0
322;0.0
2218;6.0
2646;33.0
1324;2.0
2421;0.0
2719;1838.0
1842;0.0
1514;1.0
1267;0.0
285;5.0
3139;3.0
2711;7.0
59;20.0
2557;2.0
327;7.0
248;36.0
599;20.0
539;0.0
3122;8.0
1917;0.0
1701;38.0
2487;0.0
2653;0.0
1178;1.0
652;3.0
3115;18.0
1489;0.0
1140;3.0
642;1.0
3020;14.0
2339;0.0
1751;0.0
751;1.0
550;0.0
2584;5.0
381;27.0
2707;10.0
3224;200.0
10;0.0
2203;26.0
3328;5.0
967;8.0
2995;172.0
3131;2.0
3238;46.0
1857;0.0
1280;6.0
3225;1.0
900;4.0
172;2.0
679;63.0
943;0.0
2431;72.0
1246;15.0
1607;122.0
2776;5.0
3278;157.0
74;15.0
3256;41.0
3068;7.0
1240;0.0
1836;2.0
1885;0.0
2024;1.0
1047;6.0
1273;100.0
2279;27.0
1795;10.0
1125;79.0
1274;38.0
2708;0.0
2952;23.0
2050;19.0
2868;6.0
2120;2.0
1167;0.0
1481;13.0
2239;84.0
1416;21.0
3221;0.0
1364;8.0
1109;0.0
2324;13.0
3381;0.0
3252;5.0
1401;3.0
308;40.0
3304;83.0
2563;0.0
1722;8.0
2513;3.0
2631;12.0
2211;0.0
791;99.0
638;31.0
921;2.0
1999;0.0
2309;2.0
1158;0.0
581;0.0
1985;1.0
1068;0.0
2288;0.0
2441;4.0
2977;191.0
3202;226.0
2788;6.0
2045;0.0
3166;19.0
393;207.0
1695;0.0
2527;67.0
1023;12.0
1325;174.0
1482;1.0
3059;181.0
1660;12.0
1960;1.0
2546;3.0
2266;8.0
119;48.0
3129;41.0
1844;16.0
952;23.0
668;4.0
2206;10.0
2756;0.0
1338;48.0
2249;0.0
234;32.0
203;13.0
2060;46.0
1225;221.0
2283;778.0
600;0.0
1439;3.0
1199;1287.0
336;0.0
3014;2.0
2693;242.0
568;0.0
2520;12.0
1413;2.0
1945;31.0
2804;8.0
152;23.0
1348;7.0
3259;762.0
1085;135.0
2238;1.0
1301;493.0
893;1.0
253;0.0
1994;0.0
2307;13.0
1539;34.0
1263;31.0
3317;16.0
1354;8.0
1297;0.0
2849;4.0
88;2.0
1079;0.0
1583;1.0
884;135.0
3079;11.0
1284;10.0
168;9.0
1234;36.0
1374;40.0
3197;16.0
3165;10.0
1829;1.0
2127;0.0
446;0.0
682;0.0
20;20.0
343;0.0
1777;181.0
917;60.0
3379;7.0
534;5.0
1524;6.0
949;0.0
2276;33.0
222;58.0
11;3.0
669;30.0
104;5.0
2506;5.0
1697;18.0
2982;82.0
1532;1.0
112;65.0
2742;0.0
551;5.0
870;33.0
1989;43.0
1462;126.0
1956;1.0
2797;9.0
1144;21.0
838;0.0
2871;0.0
2697;71.0
1856;11.0
2330;6.0
2761;3.0
656;6.0
99;0.0
1440;5.0
2295;11.0
879;10.0
2698;24.0
1810;23.0
1755;40.0
525;8.0
1311;152.0
3070;24.0
488;28.0
1142;0.0
2662;0.0
2122;3.0
3291;127.0
42;5.0
853;45.0
2595;0.0
796;10.0
1889;27.0
219;36.0
2572;25.0
1562;1.0
691;14.0
1721;29.0
2726;46.0
1349;168.0
2880;22.0
1479;125.0
2961;2.0
81;33.0
1772;10.0
1073;0.0
134;7.0
506;13.0
1766;2.0
2159;37.0
68;40.0
1244;6.0
2261;7.0
2123;9.0
3205;84.0
1277;42.0
1803;29.0
479;218.0
1427;0.0
1432;2.0
2619;2.0
2583;10.0
2604;50.0
696;2.0
2439;24.0
3044;217.0
3237;12.0
2829;29.0
96;39.0
2052;133.0
2630;0.0
2364;-1.0
1819;1.0
715;2.0
2885;64.0
460;5.0
836;6.0
5;19.0
1443;0.0
590;0.0
1905;27.0
2854;0.0
2647;63.0
511;42.0
1319;0.0
206;134.0
1638;188.0
2003;102.0
1752;479.0
124;0.0
3203;7.0
1089;25.0
882;65.0
977;8.0
2391;2.0
3032;102.0
728;249.0
37;1.0
2939;93.0
3239;3.0
1758;0.0
2428;129.0
1385;4.0
2229;1.0
2827;7.0
1059;2.0
984;0.0
1415;0.0
108;0.0
2352;17.0
556;1.0
1117;65.0
1780;2.0
263;26.0
117;2.0
2197;0.0
179;1.0
2772;0.0
2292;5.0
3051;7.0
808;6.0
2124;0.0
2613;0.0
1480;15.0
2530;115.0
486;9.0
403;60.0
1076;21.0
2612;11.0
291;2.0
1647;121.0
1252;55.0
3160;64.0
3286;4.0
2914;1.0
2949;128.0
1261;1.0
3367;1.0
2920;37.0
970;15.0
2512;45.0
2416;15.0
1183;0.0
1641;2.0
3249;0.0
255;5.0
2370;0.0
1537;15.0
3028;46.0
901;0.0
2036;5.0
3265;-2.0
979;28.0
2709;4.0
174;42.0
451;1.0
2043;15.0
964;36.0
1629;7.0
235;54.0
2436;22.0
3335;18.0
2968;0.0
3323;5.0
2350;0.0
2901;3.0
1171;558.0
259;7.0
3351;0.0
2661;6.0
735;5.0
2869;0.0
2809;146.0
1679;1.0
443;20.0
2262;3.0
874;285.0
1674;26.0
232;129.0
2348;6.0
2959;4.0
1392;6.0
1798;64.0
2235;71.0
3207;99.0
279;3.0
257;19.0
598;-1.0
914;0.0
3045;55.0
805;9.0
2000;12.0
3344;16.0
2353;0.0
1441;0.0
3201;145.0
555;3.0
1347;18.0
1794;44.0
2246;7.0
2187;2.0
905;8.0
533;4.0
1366;4.0
1107;15.0
3297;52.0
1195;71.0
2737;47.0
1947;0.0
619;7.0
339;10.0
2828;2.0
1547;1.0
267;29.0
1156;2.0
3232;10.0
1014;0.0
1773;20.0
145;1.0
2988;84.0
1092;11.0
3346;187.0
101;43.0
1654;92.0
51;17.0
2667;83.0
311;22.0
2358;1.0
2305;124.0
144;457.0
430;112.0
1478;67.0
2425;28.0
1971;6.0
107;4.0
1154;0.0
687;54.0
531;1.0
449;67.0
1992;1.0
1372;2.0
21;51.0
153;9.0
1064;3.0
1038;47.0
3145;11.0
2412;24.0
1658;200.0
981;121.0
2397;118.0
1063;27.0
950;3.0
3113;11.0
113;60.0
3138;116.0
38;14.0
2925;20.0
2186;10.0
674;7.0
922;10.0
1683;3.0
891;15.0
3215;55.0
2217;0.0
2538;47.0
2783;0.0
1896;0.0
1254;0.0
974;3.0
452;2.0
779;1.0
3211;294.0
2565;5.0
209;4.0
1318;17.0
3209;10.0
1168;36.0
1049;38.0
3015;10.0
1672;5.0
2611;64.0
2687;4.0
2620;781.0
710;1.0
747;151.0
649;75.0
1389;11.0
3210;1.0
2476;217.0
130;10.0
729;159.0
1241;3.0
733;9.0
849;0.0
1431;0.0
2659;23.0
3368;33.0
2410;3.0
1540;23.0
655;19.0
3347;4.0
1114;2.0
471;14.0
1576;2.0
2001;70.0
1062;0.0
1855;0.0
1563;75.0
2125;38.0
1296;1.0
1337;122.0
2164;50.0
1744;31.0
1869;2.0
3354;1.0
2570;19.0
1145;24.0
309;14.0
2819;76.0
504;36.0
1205;17.0
240;4.0
2107;0.0
1321;0.0
754;42.0
1159;21.0
1449;76.0
1343;0.0
1838;214.0
1694;26.0
434;1.0
1421;129.0
2688;12.0
2231;24.0
1823;150.0
3018;0.0
3080;23.0
1005;259.0
848;38.0
719;239.0
1166;11.0
2328;11.0
725;100.0
3077;29.0
2131;8.0
1903;1.0
2392;241.0
2650;10.0
3360;5.0
2519;1.0
2111;119.0
7;48.0
2845;11.0
2135;17.0
1351;1.0
1031;1.0
2166;907.0
2950;2.0
2875;1.0
3109;3.0
2473;0.0
2313;0.0
3311;103.0
1471;2.0
374;26.0
1860;1.0
1290;0.0
3248;8.0
2089;0.0
3098;354.0
2372;14.0
1551;6.0
1342;52.0
515;18.0
2971;9.0
2360;39.0
3076;0.0
3034;3.0
184;1.0
3318;17.0
429;0.0
2824;0.0
734;23.0
2568;0.0
1230;5.0
457;0.0
1767;24.0
2872;13.0
2658;3.0
804;0.0
1228;30.0
2032;9.0
676;1.0
3334;7.0
1948;97.0
1430;11.0
2496;20.0
2839;0.0
2811;56.0
1367;0.0
1235;12.0
274;0.0
1232;7.0
1618;139.0
2948;30.0
2524;16.0
194;1.0
2657;44.0
1129;83.0
860;4.0
932;0.0
2933;1.0
2145;1.0
2996;0.0
32;4.0
1334;0.0
2298;169.0
2356;115.0
3121;123.0
788;42.0
632;1.0
3264;0.0
2796;42.0
150;1.0
730;30.0
202;7.0
1915;28.0
858;0.0
500;260.0
2361;61.0
19;0.0
2806;2.0
1594;138.0
1461;6.0
1170;23.0
827;16.0
1730;8.0
1323;46.0
1626;2.0
166;0.0
566;69.0
2096;65.0
614;1.0
1517;7.0
2112;0.0
1961;11.0
2516;0.0
2459;15.0
2958;11.0
1102;5.0
641;0.0
2222;67.0
2497;0.0
2466;38.0
3356;89.0
2029;2.0
139;9.0
3235;9.0
2158;1.0
401;2.0
2369;11.0
1110;2.0
210;75.0
324;0.0
501;161.0
1543;1.0
1138;7.0
2623;0.0
2174;6.0
1714;0.0
584;38.0
1022;21.0
2063;19.0
721;79.0
1041;2.0
1727;102.0
2544;1.0
528;43.0
862;308.0
1809;52.0
3183;34.0
2035;7.0
221;2.0
2919;5.0
509;7.0
1707;216.0
2059;3.0
1458;7.0
93;2.0
1792;19.0
2289;36.0
1600;5.0
1614;1.0
1943;0.0
1388;1.0
85;17.0
3307;12.0
993;29.0
1650;4.0
3295;3.0
72;8.0
683;2.0
1345;298.0
2269;6.0
350;1.0
741;1.0
2906;11.0
1001;8.0
1966;0.0
3274;12.0
1702;7.0
1220;0.0
41;41.0
2066;0.0
636;341.0
2738;29.0
1865;36.0
2148;8.0
931;1.0
2126;1.0
887;0.0
467;17.0
3299;27.0
1970;76.0
576;83.0
2789;0.0
1030;9.0
666;3.0
1775;233.0
499;68.0
2622;50.0
2491;6.0
1009;21.0
517;3.0
2008;87.0
1163;3.0
1193;2.0
750;43.0
773;74.0
245;45.0
1511;9.0
597;26.0
1656;30.0
2030;23.0
305;1.0
2162;5.0
1196;1.0
34;13.0
1864;8.0
888;0.0
2140;6.0
3060;6.0
2173;10.0
1610;4.0
757;21.0
1687;67.0
485;5.0
35;1.0
1067;5.0
352;0.0
1465;101.0
1470;31.0
2858;0.0
2215;0.0
2744;16.0
2418;2.0
1272;47.0
1141;192.0
1642;1.0
1748;4.0
1797;8.0
1850;1.0
233;1.0
2354;1.0
1868;62.0
1298;1.0
2899;6.0
2635;3.0
3114;3.0
333;1.0
2555;0.0
1322;35.0
2207;0.0
2983;4.0
2270;4.0
1487;84.0
1621;18.0
1879;2.0
2114;44.0
2769;321.0
2747;30.0
136;8.0
1037;220.0
1275;2.0
1276;0.0
3;27.0
2787;7.0
622;1.0
2423;31.0
1229;56.0
125;2.0
1935;0.0
1689;7.0
2955;0.0
1931;16.0
663;53.0
994;2.0
2172;4.0
1596;5.0
6;11.0
300;27.0
2190;19.0
1238;0.0
2382;1.0
1105;33.0
2895;2.0
2314;2.0
2393;4.0
1120;28.0
2576;37.0
289;69.0
1212;1.0
2621;75.0
1058;17.0
1894;11.0
980;0.0
2533;59.0
571;49.0
554;42.0
2293;242.0
855;15.0
1181;1.0
400;1.0
1851;63.0
56;0.0
91;21.0
2902;2.0
399;119.0
2790;8.0
476;9.0
889;13.0
560;0.0
3007;40.0
3013;33.0
13;25.0
702;75.0
1733;1.0
2577;4.0
1670;15.0
3300;1.0
2234;32.0
1645;4.0
2445;33.0
3148;12.0
385;12.0
357;6.0
1044;9.0
2757;0.0
2385;1.0
3054;1.0
3195;1.0
2992;29.0
3147;122.0
628;25.0
1847;14.0
1770;165.0
126;13.0
366;2.0
1426;10.0
1188;0.0
2448;7.0
787;6.0
2634;13.0
2590;1.0
3170;55.0
2648;4.0
2694;9.0
1086;7.0
2084;2.0
3067;77.0
1741;59.0
928;1.0
441;7.0
2766;8.0
2105;82.0
3132;41.0
1002;11.0
720;3.0
1328;39.0
316;47.0
149;1.0
1065;2.0
2308;5.0
1508;1.0
2826;5.0
1132;0.0
861;21.0
3385;2.0
2602;23.0
727;0.0
2498;53.0
3387;0.0
388;58.0
1200;3.0
648;229.0
445;1.0
337;41.0
1463;283.0
2510;0.0
2420;6.0
437;116.0
180;6.0
1615;78.0
1690;1.0
1282;5.0
508;15.0
2214;29.0
2069;22.0
3263;50.0
1353;8.0
795;5.0
1340;10.0
3296;11.0
1561;2.0
3314;8.0
529;32.0
711;0.0
2754;14.0
3025;17.0
3246;1.0
1910;6.0
1253;1.0
2904;1.0
1362;134.0
2004;5.0
1433;0.0
658;0.0
2800;23.0
1831;0.0
3298;13.0
2703;10.0
2759;1.0
2542;105.0
3372;5.0
2357;4.0
1260;67.0
634;4.0
589;44.0
2507;54.0
2539;14.0
468;22.0
3234;34.0
3293;22.0
1601;20.0
2975;41.0
1007;6.0
2642;34.0
3002;194.0
2629;6.0
3104;0.0
2278;11.0
250;10.0
671;31.0
755;51.0
1909;91.0
961;102.0
277;1.0
1884;0.0
2674;100.0
1507;1.0
3262;7.0
1787;64.0
1522;8.0
650;0.0
793;97.0
933;7.0
3022;7.0
3099;22.0
591;6.0
2449;56.0
799;17.0
3063;32.0
58;1.0
2559;7.0
546;16.0
693;6.0
3175;29.0
1333;229.0
685;35.0
3072;2.0
2870;3.0
2890;1.0
776;194.0
1786;4.0
1026;0.0
2534;7.0
1218;3.0
2831;19.0
936;17.0
1134;3.0
105;8.0
835;70.0
14;6.0
2848;31.0
3327;19.0
2696;0.0
1791;231.0
621;10.0
493;20.0
1352;25.0
670;24.0
220;15.0
822;0.0
465;1.0
2862;0.0
2408;3.0
2898;4.0
2407;10.0
800;3.0
748;66.0
2837;28.0
1350;0.0
1805;416.0
2724;5.0
1630;16.0
1652;0.0
2241;3.0
2056;5.0
2607;16.0
2129;1.0
2730;2.0
2482;68.0
2037;8.0
3361;11.0
3190;15.0
157;2.0
1513;1.0
2753;0.0
2651;2.0
722;0.0
3108;3.0
629;6.0
1403;11.0
2940;0.0
90;0.0
2821;42.0
2656;0.0
3319;15.0
265;79.0
3330;7.0
543;0.0
3219;19.0
2722;6.0
2511;0.0
3258;0.0
1762;29.0
1740;3.0
2161;1.0
1217;43.0
880;3.0
1552;346.0
2484;870.0
2183;21.0
1664;5.0
3383;0.0
2957;0.0
1895;15.0
1400;29.0
2227;2.0
2855;3140.0
639;14.0
807;54.0
1718;33.0
3247;18.0
12;2.0
1804;6.0
3301;14.0
464;2.0
585;13.0
507;12.0
3214;0.0
469;2.0
806;34.0
342;1.0
635;1.0
2275;35.0
1634;11.0
1699;5.0
347;0.0
3380;13.0
1692;14.0
963;31.0
3171;1.0
714;57.0
1247;1.0
3254;16.0
878;82.0
610;7.0
2285;6.0
3039;93.0
2795;3.0
2282;71.0
2746;12.0
2641;3.0
535;9.0
1213;2.0
1020;0.0
672;0.0
2636;2.0
3074;0.0
3009;3.0
1925;4.0
1091;22.0
3284;0.0
1807;110.0
859;8.0
2664;44.0
1923;9.0
3241;20.0
1680;51.0
582;2.0
2683;0.0
3280;3.0
454;1.0
1568;44.0
1287;0.0
1133;3.0
2443;4.0
2020;2.0
587;0.0
1734;0.0
2633;17.0
100;10.0
995;14.0
15;57.0
1309;11.0
962;52.0
863;4.0
2680;20.0
2286;0.0
2467;9.0
2027;45.0
2678;18.0
329;254.0
1149;1.0
660;17.0
2867;3.0
2180;0.0
1715;9.0
2065;0.0
763;1.0
2430;175.0
2780;2.0
768;5.0
1853;3.0
797;2.0
3047;186.0
2725;0.0
2535;107.0
2997;0.0
654;2.0
1155;123.0
1406;55.0
409;16.0
276;3.0
211;91.0
2062;2.0
213;1.0
2344;2.0
2586;0.0
586;49.0
2351;9.0
3230;2.0
902;5.0
1837;11.0
355;1.0
2488;15.0
335;3.0
1987;187.0
2505;64.0
966;1.0
2962;-1.0
3279;179.0
1716;2.0
1918;39.0
1825;6.0
2132;2.0
431;25.0
1444;0.0
1074;14.0
996;0.0
1219;3.0
2976;0.0
1571;5.0
1153;29.0
2335;5.0
2053;18.0
1790;108.0
2886;1.0
2558;19.0
120;19.0
1633;0.0
2762;1.0
1358;30.0
968;0.0
2937;77.0
1833;0.0
1446;59.0
2023;42.0
2169;0.0
2946;0.0
2818;11.0
1278;117.0
228;9.0
972;91.0
3154;19.0
626;40.0
1920;12.0
2088;60.0
1995;16.0
176;0.0
148;5.0
2061;0.0
1648;4.0
1801;6.0
2201;0.0
2318;9.0
3326;46.0
2082;16.0
2677;514.0
3050;1.0
2553;4.0
378;36.0
2469;3.0
561;8.0
482;0.0
3310;4.0
3191;1.0
2978;0.0
1034;11.0
2128;1.0
1164;8.0
1185;12.0
1365;14.0
527;8.0
1827;6.0
2833;233.0
1173;282.0
1968;4.0
2637;4.0
2543;68.0
1867;1.0
681;3.0
2232;7.0
604;8.0
2480;9.0
1978;189.0
1611;7.0
2345;7.0
89;0.0
645;192.0
1032;18.0
558;6.0
644;3.0
1649;0.0
1821;32.0
3281;7.0
2905;361.0
1043;46.0
1589;9.0
118;1.0
3048;65.0
2859;34.0
78;48.0
1605;0.0
1108;76.0
2852;9.0
1788;0.0
2695;9.0
1549;26.0
135;11.0
3375;2.0
611;6.0
363;5.0
3156;56.0
1387;91.0
1045;2.0
315;0.0
1335;0.0
2212;42.0
831;0.0
2221;1.0
384;22.0
918;7.0
2917;280.0
1355;0.0
1127;4.0
1930;397.0
204;0.0
564;1.0
2981;210.0
885;63.0
1496;4.0
2610;158.0
1112;6.0
2462;0.0
1194;2.0
2103;9.0
2554;29.0
1541;21.0
2990;1.0
2457;1.0
1796;38.0
1808;74.0
1139;103.0
373;52.0
2381;24.0
2290;19.0
1494;15.0
2666;38.0
2182;3.0
1782;13.0
3008;44.0
3305;10.0
1099;206.0
146;44.0
749;3.0
1224;30.0
1198;0.0
200;6.0
583;0.0
1336;12.0
613;0.0
2599;15.0
2817;2.0
2438;46.0
2025;1.0
1266;4.0
577;0.0
2489;0.0
1710;0.0
1933;4.0
396;79.0
2068;17.0
1451;11.0
3110;21.0
2670;4.0
1373;0.0
1445;0.0
1881;15.0
1743;45.0
2143;96.0
3035;2.0
657;1.0
3055;13.0
3266;0.0
1852;6.0
242;132.0
1685;-1.0
1882;8.0
1450;15.0
338;14.0
536;45.0
87;61.0
2100;87.0
713;0.0
3100;-1.0
2897;58.0
1289;75.0
2033;8.0
3116;37.0
473;18.0
156;3.0
2522;0.0
1643;1.0
1242;1.0
2938;7.0
2935;0.0
3226;0.0
155;0.0
320;0.0
2363;16.0
2474;0.0
241;0.0
1299;0.0
780;0.0
1774;0.0
1216;11.0
990;69.0
102;88.0
894;6.0
602;24.0
2907;72.0
2665;71.0
2755;0.0
2399;48.0
1097;1.0
1976;5.0
2200;1.0
270;58.0
2046;13.0
2792;0.0
2110;12.0
1177;15.0
1941;224.0
456;0.0
2518;4.0
2160;193.0
892;14.0
281;6.0
290;2.0
2409;26.0
603;197.0
1087;22.0
1291;49.0
2;51.0
3178;5.0
1395;74.0
1745;1.0
686;8.0
2116;148.0
1180;1.0
2814;1.0
2509;0.0
2840;24.0
1950;14.0
951;1.0
425;149.0
1380;2.0
1264;1.0
256;10.0
985;188.0
824;5.0
2377;109.0
1209;4.0
2312;0.0
2259;12.0
1357;6.0
625;2.0
2301;2.0
1559;35.0
2204;3.0
1937;15.0
53;1.0
3117;2.0
2095;0.0
3292;0.0
2900;0.0
2810;52.0
1344;0.0
1725;649.0
2758;119.0
2094;7.0
3105;17.0
896;9.0
404;24.0
761;1.0
165;32.0
1251;35.0
2998;4.0
2099;22.0
1873;2.0
2167;261.0
752;2.0
3194;191.0
2336;6.0
1227;13.0
3081;1.0
1304;24.0
3321;2.0
1490;38.0
1447;1.0
392;1.0
3342;441.0
548;25.0
1977;0.0
3255;15.0
1510;5.0
1554;9.0
2823;18.0
207;41.0
2310;70.0
2782;12.0
2198;0.0
661;28.0
1735;59.0
653;2.0
2668;12.0
3313;15.0
1841;0.0
2778;191.0
2581;122.0
178;0.0
854;2.0
726;10.0
414;2.0
2609;44.0
1303;309.0
1339;24.0
939;27.0
470;1.0
3365;0.0
2954;29.0
983;2.0
2057;16.0
2812;25.0
1151;0.0
1027;17.0
1578;0.0
302;1.0
3217;429.0
1802;58.0
542;137.0
2175;8.0
1438;8.0
2922;1.0
239;266.0
2437;0.0
1192;0.0
1586;52.0
2921;0.0
3092;6.0
2551;13.0
348;114.0
1818;4.0
3182;8.0
1214;45.0
3061;0.0
1575;29.0
2560;42.0
262;18.0
2411;0.0
3312;26.0
2550;28.0
2147;171.0
832;1.0
737;1.0
2846;46.0
57;74.0
2893;11.0
3386;8.0
436;46.0
2784;109.0
1100;27.0
2390;2.0
251;204.0
731;7.0
360;13.0
1906;1.0
960;321.0
3308;7.0
3141;18.0
3273;39.0
2786;7.0
1815;1.0
2537;15.0
3001;78.0
1573;176.0
1176;49.0
1897;8.0
2926;7.0
1900;0.0
2446;134.0
2178;12.0
1676;7.0
792;1.0
1369;2.0
2304;0.0
3142;0.0
1122;20.0
266;47.0
1119;1.0
2745;31.0
2689;2.0
364;5.0
2877;17.0
199;18.0
1521;6.0
3102;233.0
989;7.0
1779;9.0
301;68.0
2149;13.0
675;0.0
8;95.0
3192;44.0
2154;3.0
18;113.0
1624;2.0
637;1.0
2863;3.0
2252;-2.0
3277;1.0
969;19.0
61;99.0
850;62.0
3023;20.0
3024;0.0
2528;0.0
478;6.0
2820;23.0
908;1.0
574;14.0
2969;25.0
716;39.0
3271;74.0
3012;-2.0
1210;2.0
758;10.0
1962;25.0
1437;34.0
2058;15.0
1146;36.0
3127;278.0
79;31.0
2743;50.0
2601;3.0
1712;6.0
1428;9.0
2216;0.0
1527;3.0
1483;0.0
823;23.0
2303;13.0
1520;30.0
2102;0.0
4;40.0
1329;6.0
1564;1.0
2856;4.0
1346;0.0
991;5.0
1763;993.0
866;10.0
1035;6.0
1613;142.0
1414;0.0
2701;0.0
2894;0.0
2529;1.0
829;3.0
433;1.0
2645;0.0
709;25.0
998;287.0
3064;57.0
790;2.0
2454;61.0
570;24.0
692;1.0
1759;8.0
549;0.0
1201;0.0
2727;0.0
1412;14.0
3016;1.0
2287;0.0
39;50.0
1598;-2.0
1816;0.0
717;0.0
620;7.0
2896;31.0
1488;177.0
1310;49.0
2208;113.0
1011;16.0
3090;1.0
2521;59.0
2010;9.0
1668;1.0
2177;1.0
1639;24.0
3384;8.0
2176;4.0
142;2.0
1717;667.0
64;35.0
3027;0.0
2569;1.0
229;7.0
2340;18.0
3123;3.0
1013;1.0
1577;0.0
3167;0.0
545;11.0
1684;1.0
573;2.0
3088;139.0
31;8.0
1984;0.0
95;46.0
2891;3.0
3216;92.0
2256;23.0
1990;10.0
2422;1.0
744;7.0
1515;79.0
3089;5.0
1425;21.0
1681;1.0
537;3.0
278;158.0
937;9.0
3118;1.0
1094;0.0
2838;19.0
704;1.0
2168;9.0
3245;4.0
1871;28.0
391;94.0
1305;5.0
2323;0.0
3106;9.0
1040;12.0
844;0.0
2774;0.0
254;7.0
86;0.0
2355;4.0
1223;212.0
903;5.0
2605;1.0
1172;2.0
2078;209.0
1928;1.0
1817;0.0
934;0.0
2327;0.0
514;461.0
3021;1.0
318;21.0
225;57.0
47;22.0
1728;1.0
1783;0.0
3094;0.0
103;0.0
1926;4.0
1503;2.0
252;484.0
502;4.0
665;0.0
2077;0.0
1888;0.0
349;48.0
159;0.0
2456;0.0
3057;1.0
3149;15.0
1965;4.0
1846;19.0
2472;4.0
2564;0.0
1768;0.0
1546;52.0
2878;80.0
1604;4.0
455;7.0
673;2.0
2280;13.0
2587;20.0
3208;2.0
2251;-1.0
2465;11.0
3289;20.0
2013;3.0
1090;4.0
1940;13.0
1256;10.0
110;1.0
2649;32.0
1118;0.0
341;0.0
340;-1.0
2966;33.0
2115;28.0
852;29.0
2237;1.0
2767;993.0
3180;813.0
402;6.0
819;71.0
975;1.0
1161;2.0
1553;25.0
2706;89.0
192;3.0
1942;4.0
1103;0.0
3250;6.0
3218;156.0
1659;113.0
344;1.0
1723;9.0
3026;0.0
3373;5.0
842;102.0
128;6.0
83;15.0
3163;31.0
1732;0.0
3196;3.0
890;179.0
287;13.0
2274;1.0
3075;93.0
2588;47.0
1078;1.0
282;2.0
3065;0.0
3213;14.0
1545;78.0
1944;1.0
2012;0.0
2233;5.0
1411;0.0
1111;10.0
3159;0.0
76;49.0
3220;0.0
718;7.0
1523;6.0
1866;193.0
2842;40.0
1655;5.0
2608;15.0
332;0.0
3341;16.0
382;5.0
1500;0.0
2311;18.0
1588;100.0
98;0.0
1417;1.0
1469;11.0
3172;6.0
3325;3.0
1954;2.0
742;0.0
3030;16.0
459;54.0
1726;7.0
3206;8.0
3350;7.0
463;11.0
84;38.0
1408;5.0
246;85.0
2540;0.0
1981;0.0
886;0.0
745;5.0
1657;0.0
3158;1.0
2258;4.0
3374;2.0
3162;26.0
448;1.0
1410;16.0
218;16.0
328;0.0
2531;17.0
408;5.0
1070;2.0
978;0.0
1548;6.0
495;3.0
659;1.0
942;10.0
2571;5.0
2934;30.0
427;130.0
919;8.0
2185;61.0
1738;0.0
2805;97.0
513;-1.0
1184;2.0
1914;0.0
2070;15.0
1973;220.0
3071;11.0
736;0.0
3130;15.0
2632;9.0
195;6.0
1370;1.0
170;3.0
640;7.0
1872;5.0
617;1.0
1467;269.0
319;1.0
1609;95.0
2325;2.0
3181;10.0
1746;0.0
418;0.0
2750;57.0
1542;1.0
1996;6.0
1731;6.0
293;5.0
2728;0.0
883;53.0
2067;0.0
2652;8.0
2503;312.0
865;1.0
2994;1.0
1300;0.0
2195;1.0
2400;1.0
1845;19.0
840;3.0
789;2.0
2504;1.0
3146;121.0
3348;5.0
325;13.0
2136;1.0
2042;2.0
1042;2.0
2578;128.0
1162;104.0
1955;10.0
1665;6.0
2375;19.0
572;4.0
1468;10.0
3331;297.0
1419;0.0
2038;17.0
286;7.0
169;23.0
2731;8.0
1501;8.0
2117;711.0
3066;3.0
518;45.0
785;29.0
3324;5.0
3140;5.0
2628;19.0
1874;3.0
999;1.0
2841;0.0
423;81.0
689;5.0
2272;18.0
1742;3.0
1771;19.0
2603;161.0
2432;7.0
524;0.0
948;19.0
1901;8.0
3164;30.0
3005;6.0
2319;5.0
3303;5.0
2284;46.0
3169;1.0
2536;4.0
3257;2.0
2714;7.0
2561;263.0
2702;5.0
480;1.0
2152;18.0
1584;5.0
1778;48.0
1106;8.0
3186;7.0
1908;3.0
1080;2.0
569;1.0
2887;14.0
2386;5.0
1332;1.0
839;58.0
3243;62.0
765;7.0
3362;8.0
1556;1.0
2585;18.0
2490;2.0
857;0.0
2980;3.0
2965;24.0
1902;4.0
1269;0.0
3244;37.0
3236;70.0
217;24.0
1175;0.0
491;14.0
1313;5.0
3119;18.0
1892;0.0
1593;147.0
1255;9.0
2277;1.0
288;13.0
1921;112.0
904;5.0
2417;116.0
424;116.0
3200;5.0
2477;3.0
1147;20.0
1279;33.0
49;16.0
2984;10.0
2191;108.0
1197;0.0
3260;1.0
2151;18.0
3040;1.0
1292;2.0
3370;0.0
1081;2.0
109;1.0
314;0.0
2075;8.0
371;1.0
1832;13.0
1371;1.0
368;0.0
559;9.0
503;5.0
261;7.0
3345;0.0
2575;7.0
3144;2.0
3329;116.0
16;4.0
2134;5.0
2104;1.0
615;104.0
1565;17.0
294;154.0
3270;3.0
2822;2.0
3332;21.0
3338;3.0
1834;50.0
3157;3.0
3353;23.0
1760;123.0
1131;0.0
1592;7.0
2051;132.0
1383;0.0
187;8.0
541;10.0
296;35.0
924;2.0
1620;0.0
2492;0.0
3269;14.0
2864;26.0
1729;110.0
2514;27.0
231;2.0
816;23.0
161;1018.0
580;143.0
1082;0.0
3228;12.0
3036;0.0
3000;17.0
362;58.0
1316;3.0
1363;32.0
1435;1.0
2444;2.0
2953;1.0
3179;0.0
2091;4.0
258;37.0
1113;0.0
1203;89.0
2791;69.0
1128;130.0
3285;83.0
1204;6.0
2589;0.0
1891;2.0
1814;5.0
1083;14.0
1749;1.0
477;6.0
2614;70.0
740;13.0
2316;1.0
2011;76.0
1646;1.0
532;25.0
512;12.0
131;3.0
724;10.0
3309;0.0
3199;17.0
907;14.0
3037;8.0
2993;0.0
2294;39.0
2494;5.0
1258;3.0
913;38.0
526;50.0
127;1.0
2337;1.0
243;1.0
2092;2.0
912;34.0
2916;2.0
1003;12.0
186;0.0
1286;9.0
175;6.0
1222;4.0
3294;1.0
497;1.0
694;3.0
2395;0.0
1281;7.0
1095;523.0
2574;977.0
2146;12.0
275;9.0
1839;20.0
1434;2.0
2451;1.0
1972;2.0
1315;0.0
851;5.0
3097;3.0
3377;15.0
1386;0.0
1448;3.0
1858;1.0
1616;0.0
2881;12.0
920;37.0
462;6.0
380;3.0
523;10.0
1536;0.0
3272;5.0
2098;480.0
2911;34.0
925;135.0
1327;7.0
2712;2.0
1929;129.0
1464;4.0
2951;0.0
2987;247.0
2192;42.0
1849;112.0
2402;44.0
345;5.0
1257;34.0
1104;143.0
2655;14.0
505;13.0
1700;1.0
1021;20.0
1405;5.0
196;21.0
1555;15.0
3052;26.0
825;9.0
3006;52.0
1754;6.0
2733;7.0
1019;86.0
1719;19.0
608;3.0
565;5.0
947;30.0
415;110.0
2928;3.0
2475;5.0
2034;0.0
1473;7.0
2764;4.0
421;42.0
595;11.0
188;82.0
116;18.0
137;70.0
1587;13.0
2912;2.0
1048;3.0
667;65.0
594;51.0
55;6.0
370;2.0
1187;8.0
2918;5.0
1429;2.0
1169;3.0
2861;7.0
54;29.0
185;0.0
193;0.0
223;16.0
2932;5.0
2338;20.0
2882;0.0
519;25.0
2202;0.0
833;4.0
2597;38.0
3085;58.0
3091;7.0
2676;20.0
1359;5.0
2923;0.0
1341;77.0
1580;2.0
1946;3.0
557;6.0
2165;0.0
1399;22.0
346;0.0
2830;5.0
2401;0.0
1932;9.0
3083;70.0
30;26.0
538;128.0
1862;62.0
2220;4.0
2346;2.0
2141;66.0
1307;6.0
809;23.0
2639;1.0
1512;2.0
834;2.0
2936;3.0
365;55.0
910;2.0
1800;0.0
77;0.0
2793;10.0
2685;5.0
2458;0.0
236;1.0
1781;0.0
3231;52.0
1975;1.0
133;0.0
2710;1.0
2502;4.0
3198;49.0
1055;14.0
1899;12.0
2873;197.0
158;10.0
2732;9.0
2460;8.0
1957;9.0
163;484.0
2271;0.0
3043;6.0
1390;24.0
2044;76.0
588;0.0
372;5.0
2582;3.0
1886;1.0
1958;55.0
651;0.0
1472;11.0
2903;20.0
1686;5.0
458;1.0
1628;1.0
442;27.0
2396;20.0
1148;1.0
2713;20.0
154;3.0
3229;8.0
3176;1.0
1737;5.0
2547;14.0
2579;0.0
1028;5.0
1880;188.0
1505;22.0
2638;1.0
1974;2.0
1979;1.0
1824;28.0
2485;317.0
1708;43.0
419;0.0
177;35.0
1934;4.0
3033;0.0
2481;0.0
2929;19.0
601;71.0
2341;115.0
3222;0.0
2322;2.0
2253;0.0
1071;4.0
915;3.0
3069;7.0
781;3.0
2500;23.0
1698;4.0
2415;0.0
1835;33.0
2138;195.0
3343;0.0
988;10.0
1404;31.0
688;0.0
782;6.0
873;21.0
44;8.0
1485;7.0
2224;112.0
778;4.0
1179;22.0
1558;31.0
3184;92.0
2055;20.0
1711;89.0
2985;264.0
1054;0.0
3111;2.0
520;0.0
1391;16.0
777;3.0
547;2.0
440;145.0
2775;1.0
578;0.0
2306;12.0
2170;110.0
1922;3.0
2243;8.0
1747;6.0
814;1.0
3084;7.0
1072;75.0
2376;0.0
43;7.0
92;43.0
9;4.0
2205;6.0
662;11.0
2300;-1.0
810;5.0
67;12.0
2236;60.0
205;181.0
1136;23.0
1840;11.0
1640;1.0
2194;4.0
1378;1.0
732;5.0
1644;3.0
1157;49.0
1248;26.0
490;4.0
2844;0.0
997;10.0
1455;1.0
2771;0.0
2616;3.0
1460;0.0
803;1.0
1231;58.0
815;10.0
929;5.0
2219;52.0
2384;5.0
417;25.0
2686;3.0
1560;51.0
2373;2.0
2816;1.0
898;17.0
1024;30.0
2835;17.0
2773;28.0
2403;1.0
2433;6.0
1245;0.0
3189;0.0
1;202.0
1477;1.0
461;0.0
1302;0.0
2371;51.0
2495;1.0
895;265.0
2097;9.0
1550;80.0
1526;0.0
2654;4.0
171;1.0
678;14.0
3376;7.0
2548;0.0
706;4.0
2803;1.0
767;0.0
208;1.0
353;6.0
115;1.0
2450;427.0
2836;2.0
2378;40.0
794;1.0
1612;327.0
1420;880.0
759;16.0
992;32.0
60;14.0
2247;2.0
387;4.0
2461;16.0
1636;0.0
2807;15.0
1506;8.0
2549;42.0
2101;20.0
2865;0.0
438;7.0
1330;5.0
1789;4.0
1669;38.0
592;62.0
3185;15.0
2333;4.0
2083;6.0
2086;3.0
1706;0.0
1243;2.0
872;5.0
2690;5.0
946;0.0
143;0.0
677;6.0
2915;0.0
2139;0.0
2109;104.0
45;0.0
1765;8.0
699;2.0
3049;135.0
1422;265.0
944;20.0
3340;10.0
3276;64.0
1190;16.0
33;3.0
284;40.0
1597;0.0
643;2.0
1619;4.0
698;0.0
422;25.0
66;12.0
971;7.0
3010;71.0
2751;30.0
2406;1.0
2580;28.0
1398;0.0
1016;8.0
2499;113.0
2879;324.0
3336;1.0
2137;103.0
1077;51.0
2794;1.0
1519;0.0
3031;0.0
2679;1.0
3349;0.0
2566;9.0
1720;79.0
2005;139.0
2798;1.0
2624;0.0
1663;0.0
1088;2.0
411;1.0
2552;20.0
1988;2.0
147;48.0
22;0.0
1919;0.0
3337;15.0
182;7.0
684;103.0
447;61.0
1191;41.0
3155;127.0
2388;3.0
1271;13.0
1622;4.0
2228;2.0
2268;4.0
1756;8.0
334;1494.0
2748;0.0
122;1.0
230;9.0
1436;1.0
955;19.0
1724;11.0
3173;28.0
1822;3.0
3101;0.0
510;0.0
1982;2.0
786;30.0
1667;0.0
623;2.0
201;65.0
2017;3.0
450;0.0
73;0.0
2963;0.0
2196;2.0
444;0.0
1843;0.0
1997;0.0
1963;0.0
26;0.0
2248;0.0
3095;6.0
2866;24.0
164;1.0
1457;0.0
1029;28.0
1017;1.0
1904;29.0
2359;24.0
813;20.0
958;26.0
1585;68.0
1409;0.0
1876;0.0
1736;4.0
1939;0.0
2093;2.0
121;18.0
1617;8.0
3242;4.0
3233;5.0
2121;22.0
2073;2.0
48;2.0
3378;0.0
2913;1.0
2463;5.0
2429;13.0
930;0.0
2853;5.0
52;48.0
2414;0.0
616;22.0
1015;25.0
1753;4.0
783;4.0
1039;26.0
957;0.0
432;6.0
3103;25.0
1259;8.0
383;0.0
1739;8.0
552;3.0
2600;1.0
2802;0.0
2691;1.0
1476;1.0
2779;0.0
189;0.0
1382;39.0
1262;0.0
351;7.0
3267;8.0
1098;5.0
1812;0.0
1581;1.0
183;0.0
2315;0.0
466;7.0
3029;0.0
2999;9.0
132;9.0
2705;20.0
3187;2.0
369;20.0
2956;661.0
770;4.0
1018;7.0
690;41.0
2843;79.0
826;295.0
633;19.0
1535;6.0
2007;25.0
2479;16.0
2113;13.0
317;114.0
3320;80.0
1911;9.0
2931;81.0
647;6.0
784;0.0
2974;17.0
1498;0.0
25;0.0
1189;2.0
2184;1.0
1757;0.0
2979;536.0
106;0.0
926;0.0
2834;1.0
941;8.0
2675;2.0
1459;9.0
2188;8.0
1993;11.0
695;31.0
2825;54.0
1784;72.0
398;18.0
1893;0.0
27;1.0
2321;41.0
1916;1684.0
756;0.0
1306;37.0
1268;0.0
1484;12.0
1012;3.0
2749;15.0
1983;49.0
244;10.0
2349;53.0
766;80.0
593;8.0
413;705.0
2684;69.0
3096;0.0
3136;1.0
269;4.0
982;2.0
697;95.0
2144;15.0
1653;3.0
3288;5.0
2752;3.0
1397;6.0
0;296.0
1360;0.0
2972;1.0
1761;0.0
1186;11.0
1396;72.0
1497;29.0
1160;3.0
1356;7.0
847;3.0
295;24.0
927;0.0
563;17.0
938;4.0
1528;7.0
2699;75.0
935;14.0
1579;180.0
2452;1.0
2367;6.0
3177;0.0
1969;8.0
1466;1.0
2006;0.0
1938;0.0
771;2.0
2387;1.0
2015;40.0
2245;28.0
46;4.0
1953;0.0
2924;0.0
1174;5.0
2133;4.0
2365;1.0
1861;0.0
812;4.0
2717;3.0
2874;9.0
475;3.0
2945;2.0
2343;0.0
2230;1.0
1557;76.0
1949;20.0
1442;-1.0
3212;11.0
2739;0.0
375;5.0
2153;9.0
3143;10.0
3275;33.0
2908;100.0
1951;0.0
23;3.0
2508;5.0
2889;3.0
1518;0.0
1863;0.0
3003;28.0
1393;1.0
2263;4.0
412;0.0
273;322.0
1004;32.0
1952;6.0
871;32.0
2673;0.0
817;8.0
2617;3.0
820;0.0
2157;0.0
2119;4.0
3364;0.0
376;3.0
760;1.0
945;4.0
2260;17.0
2888;28.0
160;1.0
2860;8.0
1115;132.0
1143;113.0
1314;94.0
3322;90.0
2255;14.0
2108;3.0
304;1.0
1830;12.0
140;292.0
2455;11.0
3315;0.0
864;0.0
801;21.0
2847;0.0
268;0.0
190;10.0
2209;62.0
2076;5.0
1907;6.0
3268;116.0
2851;69.0
123;1.0
769;5.0
3174;98.0
1053;23.0
1678;10.0
1006;8.0
2700;4.0
1036;0.0
1486;0.0
3283;12.0
3261;29.0
2329;238.0
2910;17.0
2199;3.0
2973;162.0
1572;50.0
1051;13.0
2523;0.0
395;140.0
2380;37.0
2781;2.0
1661;2.0
3227;164.0
1379;0.0
986;8.0
1693;0.0
2669;106.0
2368;1.0
260;0.0
2413;18.0
2763;930.0
3306;5.0
1924;0.0
1361;1.0
2593;6.0
2434;25.0
1635;0.0
596;4.0
247;0.0
764;1.0
2468;76.0
2736;5.0
3134;0.0
2048;0.0
798;3.0
3004;48.0
708;6.0
1959;
1677;3.0
394;10.0
1912;27.0
3128;5.0
1475;25.0
953;33.0
1454;0.0
3253;0.0
2189;1.0
1368;36.0
743;20.0
2090;2.0
2155;1.0
356;10.0
2545;0.0
330;4.0
3282;38.0
1061;0.0
2264;63.0
2379;64.0
280;71.0
562;50.0
2334;0.0
1202;192.0
237;16.0
1530;38.0
216;3.0
830;126.0
97;0.0
605;22.0
2850;8.0
2447;5.0
2404;0.0
1116;0.0
1877;82.0
772;1.0
1250;13.0
3087;10.0
3046;9.0
2947;113.0
162;21.0
82;
111;0.0
2943;0.0
2080;50.0
2681;73.0
70;0.0
1130;4.0
2777;3.0
2615;0.0
377;1.0
2331;14.0
3352;0.0
1673;146.0
1206;25.0
3041;9.0
1828;208.0
1631;0.0
3151;1.0
2142;29.0
1878;10.0
2398;6.0
3290;3.0
489;4.0
1574;1.0
416;40.0
2944;218.0
484;2.0
1662;2.0
881;1.0
606;324.0
940;42.0
2064;76.0
2734;16.0
2026;23.0
1423;11.0
3251;25.0
818;18.0
1582;24.0
2625;15.0
530;0.0
1883;92.0
1452;0.0
2002;3.0
1126;97.0
1331;3.0
1608;5.0
2213;3.0
1075;3.0
965;84.0
1233;0.0
3363;3.0
2644;3.0
428;0.0
1570;1.0
2970;1.0
2960;246.0
1623;9.0
624;6.0
2721;28.0
973;2.0
472;188.0
1967;2.0
1066;0.0
2692;0.0
877;38.0
2014;12.0
2884;0.0
630;7.0
2464;0.0
609;0.0
1534;241.0
498;3.0
1671;158.0
837;1.0
1226;8.0
712;0.0
331;1.0
1936;5.0
1124;5.0
3082;0.0
1793;0.0
2071;22.0
828;360.0
802;1.0
2562;4.0
868;0.0
2735;0.0
2626;6.0
141;29.0
1525;0.0
3017;2.0
306;0.0
1529;1.0
359;18.0
2532;0.0
3135;0.0
1590;55.0
1887;132.0
75;2.0
173;25.0
2541;1.0
323;0.0
2627;0.0
1806;2.0
390;2.0
976;10.0
3204;0.0
2930;0.0
1207;0.0
1402;0.0
1637;4.0
646;41.0
3011;4.0
954;3.0
2150;0.0
2273;12.0
129;27.0
680;149.0
2299;73.0
1052;8.0
410;10.0
3137;2.0
2964;0.0
2317;5.0
24;0.0
1377;3.0
2470;1.0
1495;0.0
746;6.0
2716;15.0
1056;0.0
2016;3.0
876;0.0
1407;2.0
3357;4.0
1239;-1.0
521;14.0
2808;39.0
3120;0.0
3126;3.0
2244;0.0
1890;21.0
3339;13.0
2118;0.0
2296;42.0
1651;161.0
3038;31.0
2250;29.0
1898;2.0
71;4.0
3107;50.0
1000;605.0
856;39.0
1675;132.0
2018;0.0
1709;2.0
1964;1.0
1152;38.0
631;2.0
2389;71.0
911;3.0
2240;17.0
426;67.0
843;162.0
487;3.0
496;25.0
909;127.0
1991;4.0
2941;41.0
1998;8.0
1057;0.0
3333;0.0
224;3.0
2801;2.0
238;144.0
540;0.0
1308;0.0
2598;0.0
2909;14.0
1848;35.0
2320;28.0
215;26.0
1236;0.0
753;2.0
1875;10.0
1208;6.0
846;10.0
3053;8.0
389;11.0
2302;69.0
1320;5.0
361;17.0
492;18.0
2326;7.0
1084;6.0
1595;0.0
1381;18.0
1502;0.0
65;13.0
2297;0.0
3042;2.0
2883;1.0
1474;48.0
2394;0.0
2342;8.0
1093;7.0
2156;10.0
2362;3.0
1986;185.0
2765;17.0
821;32.0
2085;0.0
2079;19.0
1504;12.0
2967;15.0
28;4.0
3371;55.0
1682;1.0
1221;82.0
575;0.0
1491;0.0
723;0.0
2383;0.0
1211;8.0
1293;0.0
1424;60.0
2435;2.0
2515;1.0
705;0.0
701;1.0
1703;14.0
1182;4.0
3161;0.0
63;40.0
3355;6.0
2130;222.0
553;41.0
1135;1.0
1750;0.0
1123;6.0
2267;6.0
3093;19.0
249;0.0
1776;1.0
1625;4.0
959;196.0
899;10.0
2072;2736.0
397;0.0
775;6.0
2671;104.0
2366;5.0
407;15.0
1569;15.0
1312;3.0
3073;3.0
2704;4.0
226;0.0
2715;83.0
2242;2.0
2087;253.0
2592;0.0
1927;208.0
2643;40.0
2525;4.0
869;4.0
923;1.0
292;6.0
69;3.0
1538;14.0
2986;0.0
3150;156.0
2019;2.0
2556;0.0
3086;1.0
1632;5.0
867;14.0
2210;0.0
2047;0.0
2106;9.0
2486;95.0
1283;13.0
2768;40.0
2040;20.0
494;71.0
607;1.0
1025;5.0
567;23.0
1691;198.0
483;63.0
3112;13.0
516;39.0
1785;6.0
2526;0.0
2927;3.0
811;8.0
2483;5.0
2427;2.0
321;4.0
2022;25.0
50;16.0
214;9.0
2594;0.0
2741;37.0
2181;138.0
1384;34.0
212;9.0
1811;0.0
2663;2.0
2832;7.0
481;14.0
2171;8.0
2281;117.0
3153;19.0
845;25.0
1249;4.0
1913;297.0
271;19.0
906;400.0
2892;15.0
956;2.0
2517;52.0
2028;3.0
2223;11.0
1499;173.0
1799;627.0
2596;5.0
17;1081.0
2591;6.0
2225;0.0
420;4.0
1215;1.0
522;9.0
2405;5.0
2163;33.0
297;82.0
2991;8.0
1033;75.0
3133;0.0
2257;9.0
3366;0.0
1492;0.0
1980;1.0
2426;14.0
664;61.0
1602;3.0
544;0.0
2074;58.0
198;14.0
1854;13.0
1376;30.0
1688;44.0
1375;30.0
2009;0.0
435;0.0
1453;0.0
3369;3.0
738;0.0
1769;1.0
2347;4.0
1606;3.0
2471;0.0
1713;49.0
2720;4.0
2041;19.0
2682;7.0
1418;0.0
197;8.0
2179;0.0
1870;7.0
283;3.0
700;24.0
1295;0.0
1544;0.0
1050;17.0
2193;0.0
2799;0.0
2770;4.0
3019;4.0
3124;115.0
2606;19.0
612;4.0
1150;88.0
1394;83.0
2442;147.0
2501;45.0
191;0.0
1666;49.0
310;19.0
303;171.0
114;0.0
1294;7.0
3316;0.0
707;17.0
1326;0.0
379;0.0
3078;37.0
987;2.0
3188;275.0
2672;7.0
474;158.0
1591;0.0
405;1.0
227;211.0
2254;3.0
3287;26.0
2760;7.0
2815;11.0
358;3.0
2226;34.0
2332;12.0
3125;0.0
167;5.0
2567;0.0
1531;0.0
94;0.0
1509;3.0
2453;0.0
453;145.0
2039;2.0
1010;30.0
774;0.0
1285;46.0
2718;29.0
2049;24.0
272;0.0
2876;5.0
2478;13.0
299;3.0
406;36.0
40;20.0
2031;41.0
1826;0.0
2374;22.0
386;9.0
618;4.0
3382;29.0
1069;12.0
2740;20.0
80;3.0
1060;261.0
1137;31.0
1599;1.0
1121;7.0
3193;0.0
1603;2.0
2989;2.0
2857;27.0
841;3.0
2021;321.0
2813;4.0
2640;0.0
762;20.0
1493;18.0
1317;1.0
3302;0.0
897;1.0
739;1.0
1859;7.0
2942;5.0
703;0.0
916;21.0
2265;19.0
1165;14.0
3358;8.0
3056;25.0
3058;25.0
1101;7.0
307;0.0
29;0.0
579;2.0
1627;0.0
875;2.0
298;3.0
1265;268.0
